"cell","method","n.x","minFPR_med","maxFPR_med","maxFPR_min","maxFPR_max","dense_gap","P","n.y","m","depth"
1,"tvcglasso",100,0,0.982378854625551,0.932452276064611,0.996955859969559,0.0176211453744494,15,12,7,"low"
1,"CGLasso",100,0,0.83001443001443,0.790346907993967,0.867579908675799,0.16998556998557,15,12,7,"low"
1,"tvmgm",100,0,1,0.998463901689708,1,0,15,12,7,"low"
1,"JGL",100,0,1,0.989720998531571,1,0,15,12,7,"low"
2,"tvcglasso",100,0,0.975094135570411,0.847749114820435,0.989598811292719,0.0249058644295894,25,12,7,"low"
2,"CGLasso",100,0,0.686702010759778,0.649776453055142,0.726299694189602,0.313297989240222,25,12,7,"low"
2,"tvmgm",100,0,1,0.997516145057129,1,0,25,12,7,"low"
2,"JGL",100,0,0.997478562055601,0.989441930618401,1,0.00252143794439863,25,12,7,"low"
3,"tvcglasso",100,0,0.925428582872707,0.884322678843227,0.97787610619469,0.0745714171272931,15,20,7,"low"
3,"CGLasso",100,0,0.894349155697381,0.858407079646018,0.926100628930818,0.105650844302619,15,20,7,"low"
3,"tvmgm",100,0,1,0.995515695067265,1,0,15,20,7,"low"
3,"JGL",100,0,1,0.989583333333333,1,0,15,20,7,"low"
4,"tvcglasso",100,0,0.974725178923983,0.936883629191322,0.98644578313253,0.0252748210760165,25,20,7,"low"
4,"CGLasso",100,0,0.773671591969273,0.742971887550201,0.808446455505279,0.226328408030727,25,20,7,"low"
4,"tvmgm",100,0,1,0.99798285426122,1,0,25,20,7,"low"
4,"JGL",100,0,0.997990453518448,0.992971887550201,1,0.00200954648155216,25,20,7,"low"
5,"tvcglasso",100,0,0.947984307359307,0.911411411411411,0.976710334788937,0.0520156926406927,15,12,7,"high"
5,"CGLasso",100,0,0.9251858583065,0.9004329004329,0.949177877428999,0.0748141416935001,15,12,7,"high"
5,"tvmgm",100,0,1,0.998463901689708,1,0,15,12,7,"high"
5,"JGL",100,0,1,0.987767584097859,1,0,15,12,7,"high"
6,"tvcglasso",100,0,0.980053945350496,0.95636732623034,0.991991991991992,0.0199460546495045,25,12,7,"high"
6,"CGLasso",100,0,0.767247972900477,0.745653253849975,0.788888888888889,0.232752027099523,25,12,7,"high"
6,"tvmgm",100,0,1,0.995461422087746,1,0,25,12,7,"high"
6,"JGL",100,0,0.998012898392032,0.992122107336288,1,0.001987101607968,25,12,7,"high"
7,"tvcglasso",100,0,0.916486291486291,0.880418535127055,0.934782608695652,0.0835137085137085,15,20,7,"high"
7,"CGLasso",100,0,0.974588938714499,0.958883994126285,0.988200589970501,0.0254110612855007,15,20,7,"high"
7,"tvmgm",100,0,1,0.998491704374057,1,0,15,20,7,"high"
7,"JGL",100,0,1,0.989441930618401,1,0,15,20,7,"high"
8,"tvcglasso",100,0,0.952524495328094,0.908358509566969,0.977611940298508,0.0474755046719064,25,20,7,"high"
8,"CGLasso",100,0,0.906147253056063,0.889054726368159,0.930912758446798,0.0938527469439371,25,20,7,"high"
8,"tvmgm",100,0,1,0.998484848484849,1,0,25,20,7,"high"
8,"JGL",100,0,0.998504112850532,0.992950654582075,1,0.00149588714946791,25,20,7,"high"
9,"tvcglasso",100,0,0.990382631462865,0.96879334257975,0.997142857142857,0.00961736853713546,15,12,15,"low"
9,"CGLasso",100,0,0.830401125967628,0.794854434664861,0.862167982770998,0.169598874032372,15,12,15,"low"
9,"tvmgm",100,0,1,0.997909407665505,1,0,15,12,15,"low"
10,"tvcglasso",100,0,0.986302001053186,0.961957782417073,0.995291902071563,0.013697998946814,25,12,15,"low"
10,"CGLasso",100,0,0.690793086340843,0.665483794653418,0.711345141215893,0.309206913659157,25,12,15,"low"
10,"tvmgm",100,0,0.999767089632112,0.999285544177185,1,0.000232910367888195,25,12,15,"low"
11,"tvcglasso",100,0,0.948173076923077,0.918169209431345,0.971147079521464,0.051826923076923,15,20,15,"low"
11,"CGLasso",100,0,0.898782006171169,0.864734299516908,0.924107142857143,0.101217993828831,15,20,15,"low"
11,"tvmgm",100,0,1,0.997835497835498,1,0,15,20,15,"low"
12,"tvcglasso",100,0,0.980830336318508,0.942280619427499,0.994414707935769,0.0191696636814915,25,20,15,"low"
12,"CGLasso",100,0,0.779502694376143,0.751369373660395,0.804378531073446,0.220497305623857,25,20,15,"low"
12,"tvmgm",100,0,0.999764788738628,0.999291450165328,1,0.000235211261371937,25,20,15,"low"
13,"tvcglasso",100,0,0.975441612051519,0.93452380952381,0.987332864180155,0.0245583879484809,15,12,15,"high"
13,"CGLasso",100,0,0.925522516698987,0.908710801393728,0.943141435678749,0.0744774833010127,15,12,15,"high"
13,"tvmgm",100,0,1,0.997888810696692,1,0,15,12,15,"high"
14,"tvcglasso",100,0,0.986469328787797,0.963337250293772,0.99484656828297,0.0135306712122029,25,12,15,"high"
14,"CGLasso",100,0,0.768485930393501,0.755482197594907,0.783419933868682,0.231514069606499,25,12,15,"high"
14,"tvmgm",100,0,0.999763033175355,0.999042604116802,1,0.00023696682464458,25,12,15,"high"
15,"tvcglasso",100,0,0.951690821256039,0.906862745098039,0.97897026831037,0.0483091787439613,15,20,15,"high"
15,"CGLasso",100,0,0.977073170731707,0.961952620244078,0.984203296703297,0.0229268292682927,15,20,15,"high"
15,"tvmgm",100,0,1,0.997802197802198,1,0,15,20,15,"high"
16,"tvcglasso",100,0,0.972430901982676,0.959039548022599,0.985120453471894,0.0275690980173244,25,20,15,"high"
16,"CGLasso",100,0,0.90860148161589,0.898068419827787,0.92077549066539,0.0913985183841097,25,20,15,"high"
16,"tvmgm",100,0,0.999530350745335,0.998575836695941,1,0.000469649254665416,25,20,15,"high"
