"cell","method","n.x","FPR","TPR","FPR_sd","TPR_sd","F1","P","n.y","m","depth"
1,"tvcglasso",100,0.148807659402362,0.197227176216423,0.239601873918078,0.294564725993495,0.0700560137340769,15,12,7,"low"
1,"CGLasso",100,0.565265677887755,0.638331593431339,0.0381223603554487,0.0745433368136922,0.166106114475936,15,12,7,"low"
2,"tvcglasso",100,0.281655664260414,0.378107152308468,0.220226039195085,0.292224899345268,0.0815692990313377,25,12,7,"low"
2,"CGLasso",100,0.423613243276851,0.510095358402133,0.0208940890456262,0.0748748235933566,0.108879062814811,25,12,7,"low"
3,"tvcglasso",100,0.0119701191216801,0.0311733926351439,0.037790890935703,0.105719541845565,0.0266607465496707,15,20,7,"low"
3,"CGLasso",100,0.598638269841013,0.74312083162396,0.073002310422698,0.0893988371273719,0.183025598377285,15,20,7,"low"
4,"tvcglasso",100,0.0381476778872621,0.114538225459273,0.0880055667429101,0.199907743567043,0.0679916301118883,25,20,7,"low"
4,"CGLasso",100,0.531234946056816,0.701008719876774,0.0247006861008455,0.0569991304179431,0.121270420191181,25,20,7,"low"
5,"tvcglasso",100,0.0540053018373913,0.402627662331036,0.0308495049385508,0.186163129995259,0.388071201170171,15,12,7,"high"
5,"CGLasso",100,0.799899743861871,0.850072070895025,0.0500479763642849,0.064895404469309,0.163819502826803,15,12,7,"high"
6,"tvcglasso",100,0.0445935397161889,0.307760995682058,0.0220514954015934,0.134103911189745,0.273827641264822,25,12,7,"high"
6,"CGLasso",100,0.62812846452243,0.712351772209639,0.0148809084479103,0.0541746572188426,0.10655449345617,25,12,7,"high"
7,"tvcglasso",100,0.0466801611402237,0.615006449748435,0.0271275874011565,0.173580554341214,0.579322641551663,15,20,7,"high"
7,"CGLasso",100,0.130617588249747,0.400786006872444,0.0275575051740778,0.105850279377603,0.283943782846945,15,20,7,"high"
8,"tvcglasso",100,0.0405532285448043,0.52919141938503,0.015702250582503,0.143309376923188,0.458539306653604,25,20,7,"high"
8,"CGLasso",100,0.249891726011739,0.407109593094016,0.0787776172697907,0.0971018169999434,0.137709603592085,25,20,7,"high"
9,"tvcglasso",100,0.110548648954053,0.220673382078426,0.121704193519874,0.229678231494207,0.134835205839539,15,12,15,"low"
9,"CGLasso",100,0.572609795001232,0.640787809404786,0.0269482507850732,0.0525593990641312,0.177353316939447,15,12,15,"low"
10,"tvcglasso",100,0.112681117808032,0.277534443468069,0.0828035295423383,0.14833780980095,0.162318174307642,25,12,15,"low"
10,"CGLasso",100,0.424033979587887,0.497678091910453,0.015308257508114,0.0502454632164026,0.114495440040243,25,12,15,"low"
11,"tvcglasso",100,0.0370308463323446,0.100385146562612,0.0855416140434165,0.213852940686636,0.0620179264849234,15,20,15,"low"
11,"CGLasso",100,0.597654055401912,0.714732120802901,0.0492964731120342,0.06681514153147,0.189304820922579,15,20,15,"low"
12,"tvcglasso",100,0.0404130912606605,0.179134974484473,0.0538208000834253,0.220436637246509,0.12152107570413,25,20,15,"low"
12,"CGLasso",100,0.531532425811284,0.666887862902593,0.0165954992076439,0.0439262619285909,0.124721463923975,25,20,15,"low"
13,"tvcglasso",100,0.0455719720775272,0.401239620300474,0.0234214503755927,0.165732362299635,0.418015974969454,15,12,15,"high"
13,"CGLasso",100,0.815843930761143,0.852376523294381,0.0302774678651164,0.0428799359593801,0.174209031349294,15,12,15,"high"
14,"tvcglasso",100,0.0291947047228792,0.287787951518976,0.0175030472096173,0.131119552750962,0.306171929700761,25,12,15,"high"
14,"CGLasso",100,0.629762146070739,0.701298518292398,0.0123645017274332,0.0392223905066605,0.113220040270982,25,12,15,"high"
15,"tvcglasso",100,0.0434753938297495,0.6317875637551,0.0197142082600283,0.159014620640095,0.606857071019948,15,20,15,"high"
15,"CGLasso",100,0.123852776760129,0.353602973403171,0.0186102472835848,0.0784349620262161,0.271829608351644,15,20,15,"high"
16,"tvcglasso",100,0.0316467137471168,0.536398388311659,0.013229248459481,0.131139044898893,0.512057775982661,25,20,15,"high"
16,"CGLasso",100,0.245302865416367,0.398123688537498,0.0691623970109181,0.0742699623428062,0.145397720776681,25,20,15,"high"
