"method","stage","cell","P","n","m","depth","selector","FPR_mean","FPR_sd","FPR_se","TPR_mean","TPR_sd","TPR_se","precision_mean","precision_sd","precision_se","F1_mean","F1_sd","F1_se","n_edges_mean","n_edges_sd","n_edges_se","df_mean","df_sd","df_se","n_seed"
"tvcglasso","pre",1,15,12,7,"low","BIC_pre",0.0024938333421721,0.00445883245886182,0.000553050100612673,0.00056980056980057,0.00459387905885957,0.00056980056980057,0.0434782608695652,0.208514414057075,0.0434782608695652,0.0010989010989011,0.00885962389922917,0.0010989010989011,1.72307692307692,2.99221746947233,0.371138899659193,0.6,1.07238052947636,0.133012434352235,65
"tvcglasso","refit",1,15,12,7,"low","refit-BIC",0.148807659402362,0.239601873918078,0.0239601873918078,0.197227176216423,0.294564725993495,0.0294564725993495,0.0968093484549009,0.139807570486057,0.0177555792073173,0.0700560137340769,0.0958190211684811,0.00958190211684811,112.3,178.880440857049,17.8880440857049,55.83,92.3393013058717,9.23393013058717,100
"CGLasso","pre",1,15,12,7,"low","per-slice independent BIC (-2*ell_k + d_k*log n_k) over the refit path; candidate iff Omega PD + BIC finite; convergence DISCLOSED not filtered",0.818626506566714,0.0212592031373633,0.00212592031373633,0.811281210439307,0.0584308851075745,0.00584308851075745,0.0854414713665956,0.0184858757061741,0.00184858757061741,0.154022875399242,0.0303740382916209,0.00303740382916209,601.19,15.3258842248246,1.53258842248246,NA,NA,NA,100
"CGLasso","refit",1,15,12,7,"low","per-slice independent BIC (-2*ell_k + d_k*log n_k) over the refit path; candidate iff Omega PD + BIC finite; convergence DISCLOSED not filtered",0.565265677887755,0.0381223603554487,0.00381223603554487,0.638331593431339,0.0745433368136922,0.00745433368136922,0.0959540172674324,0.0204578574890734,0.00204578574890734,0.166106114475936,0.0318493763757818,0.00318493763757818,419.93,27.6018792362719,2.76018792362719,NA,NA,NA,100
"tvmgm","pre",1,15,12,7,"low","EBIC_penalised",0.0134265336437976,0.0127030441559425,0.00127030441559425,0.00711078177766577,0.0187754539094295,0.00187754539094295,0.0415759605852626,0.109180457105016,0.0109180457105016,0.0113234813018059,0.0288814428230779,0.00288814428230779,9.43,8.67977446990905,0.867977446990905,NA,NA,NA,100
"tvmgm","refit",1,15,12,7,"low","refit-EBIC",0.0547693884200174,0.0206563164314383,0.00206563164314383,0.0266205568564949,0.0299977105571185,0.00299977105571185,0.046599732247635,0.0533773798323831,0.00533773798323831,0.0326701697056918,0.0357152479581975,0.00357152479581975,38.48,13.9678418540806,1.39678418540806,NA,NA,NA,100
"JGL","pre",1,15,12,7,"low","AIC_pre",0.994409878536921,0.00425974456557112,0.000425974456557112,0.9936143520679,0.00966680963328349,0.000966680963328349,0.0861519270545366,0.017951856558073,0.0017951856558073,0.158060536290743,0.0303083123329165,0.00303083123329165,730.85,2.94520668616694,0.294520668616694,730.85,2.94520668616694,0.294520668616694,100
"JGL","refit",1,15,12,7,"low","refit-AIC",0.958363559350289,0.0141516679803168,0.00141516679803169,0.951201847260104,0.0283974128605149,0.00283974128605149,0.0856232660520285,0.0180431893718259,0.00180431893718259,0.156607654222611,0.0303303277502413,0.00303303277502413,703.95,10.2330174662534,1.02330174662534,703.95,10.2330174662534,1.02330174662534,100
"tvcglasso","pre",2,25,12,7,"low","BIC_pre",0.00132471703246966,0.00292598797252388,0.000509349127611522,0.00138026224982747,0.00552441775244491,0.000961677692865655,0.0583333333333333,0.124536176508111,0.0393817968854384,0.00255892255892256,0.0102457641371184,0.00178355860446452,2.81818181818182,6.03352377064259,1.05030167514644,1.03030303030303,2.31145041701158,0.402371870451197,33
"tvcglasso","refit",2,25,12,7,"low","refit-BIC",0.281655664260414,0.220226039195085,0.0220226039195085,0.378107152308468,0.292224899345268,0.0292224899345268,0.0677309949616725,0.0473584782774657,0.00532824509162446,0.0815692990313377,0.0594134408014158,0.00594134408014158,601.67,468.90133904434,46.890133904434,302.38,239.436534683858,23.9436534683858,100
"CGLasso","pre",2,25,12,7,"low","per-slice independent BIC (-2*ell_k + d_k*log n_k) over the refit path; candidate iff Omega PD + BIC finite; convergence DISCLOSED not filtered",0.680823529541011,0.0170247215643002,0.00170247215643002,0.684391302458187,0.0578476839077205,0.00578476839077205,0.0516259783377265,0.00920027081062838,0.000920027081062838,0.0958470061769558,0.0161862273528442,0.00161862273528442,1430.12,35.5207380030712,3.55207380030712,NA,NA,NA,100
"CGLasso","refit",2,25,12,7,"low","per-slice independent BIC (-2*ell_k + d_k*log n_k) over the refit path; candidate iff Omega PD + BIC finite; convergence DISCLOSED not filtered",0.423613243276851,0.0208940890456262,0.00208940890456262,0.510095358402133,0.0748748235933566,0.00748748235933566,0.0610985110345434,0.0120509161153269,0.00120509161153269,0.108879062814811,0.0203773385829537,0.00203773385829537,898.85,44.512255717846,4.4512255717846,NA,NA,NA,100
"tvmgm","pre",2,25,12,7,"low","EBIC_penalised",0.00673178395296148,0.00539297261504864,0.000539297261504864,0.00300428399323005,0.00782654595183734,0.000782654595183733,0.0317006733576501,0.11978330864523,0.011978330864523,0.00525482128571804,0.0137274636612527,0.00137274636612527,13.73,10.7842524548575,1.07842524548575,NA,NA,NA,100
"tvmgm","refit",2,25,12,7,"low","refit-EBIC",0.0425630229458065,0.0118032101997548,0.00118032101997548,0.0210397210967886,0.0247143418551188,0.00247143418551188,0.0264479973040189,0.0315795913903104,0.00315795913903104,0.0229256822808045,0.0268601468249863,0.00268601468249863,87.03,23.7586581772591,2.37586581772591,NA,NA,NA,100
"JGL","pre",2,25,12,7,"low","AIC_pre",0.850541987873736,0.0191566902500288,0.00191566902500288,0.832261498931483,0.0426768818298594,0.00426768818298594,0.0502749270248732,0.00811572181393403,0.000811572181393403,0.0946874550086855,0.014502341249855,0.0014502341249855,1784.08,40.4988290141228,4.04988290141228,1784.08,40.4988290141228,4.04988290141228,100
"JGL","refit",2,25,12,7,"low","refit-AIC",0.725562314268652,0.0262469686400743,0.00262469686400743,0.70489512779248,0.0537221930650245,0.00537221930650245,0.0499830531189391,0.00860021543667436,0.000860021543667436,0.0931958816596656,0.0152066288562026,0.00152066288562026,1521.43,54.2454680879501,5.42454680879501,1521.43,54.2454680879501,5.42454680879501,100
"tvcglasso","pre",3,15,20,7,"low","BIC_pre",0.00143226674611424,0.00370507172322856,0.000380132338095534,0.00554494932984636,0.0242812742338534,0.00249120617249766,0.23,0.387811372729983,0.0867172591871749,0.00936819892677278,0.0400006965781126,0.00410398487574702,1.34736842105263,3.56331312796509,0.365588213099302,0.452631578947368,1.19189122962101,0.122285459963131,95
"tvcglasso","refit",3,15,20,7,"low","refit-BIC",0.0119701191216801,0.037790890935703,0.0037790890935703,0.0311733926351439,0.105719541845565,0.0105719541845565,0.150101566327058,0.269041406435525,0.0448402344059209,0.0266607465496707,0.0758134102673155,0.00758134102673155,10.09,31.8475202402721,3.18475202402721,4.32,14.424222052443,1.4424222052443,100
"CGLasso","pre",3,15,20,7,"low","per-slice independent BIC (-2*ell_k + d_k*log n_k) over the refit path; candidate iff Omega PD + BIC finite; convergence DISCLOSED not filtered",0.854847153670697,0.0431834270648689,0.00431834270648689,0.86961408977058,0.0648785259070264,0.00648785259070264,0.0875031081421861,0.018589193843611,0.0018589193843611,0.158438231774796,0.0308265478959762,0.00308265478959762,629.2,31.4273251753433,3.14273251753433,NA,NA,NA,100
"CGLasso","refit",3,15,20,7,"low","per-slice independent BIC (-2*ell_k + d_k*log n_k) over the refit path; candidate iff Omega PD + BIC finite; convergence DISCLOSED not filtered",0.598638269841013,0.073002310422698,0.00730023104226979,0.74312083162396,0.0893988371273719,0.00893988371273719,0.104881030295978,0.0222929511190685,0.00222929511190685,0.183025598377285,0.0351785392844695,0.00351785392844695,448.94,52.5965816763828,5.25965816763828,NA,NA,NA,100
"tvmgm","pre",3,15,20,7,"low","EBIC_penalised",0.0182972698221362,0.0164131368646154,0.00164131368646154,0.0129491317582419,0.0213431748072511,0.00213431748072511,0.0644586241117115,0.114610137700568,0.0114610137700568,0.0204720889134437,0.0339198907967249,0.00339198907967249,13.11,11.3332397500593,1.13332397500593,NA,NA,NA,100
"tvmgm","refit",3,15,20,7,"low","refit-EBIC",0.0612103809755155,0.0234942398909197,0.00234942398909197,0.0416907931772271,0.042925943989257,0.0042925943989257,0.0672314939706444,0.0743257088650495,0.00743257088650495,0.0498863845752012,0.0512389024407476,0.00512389024407476,43.73,15.4127423342709,1.54127423342709,NA,NA,NA,100
"JGL","pre",3,15,20,7,"low","AIC_pre",0.268530286187939,0.374887429925858,0.0374887429925859,0.276769353840554,0.378202269109534,0.0378202269109534,0.0561116532483472,0.0566800381080889,0.00566800381080889,0.0754356605145854,0.0753658618274524,0.00753658618274524,197.79,275.583065810685,27.5583065810685,197.79,275.583065810685,27.5583065810685,100
"JGL","refit",3,15,20,7,"low","refit-AIC",0.277041338576067,0.0673420800093539,0.00673420800093539,0.30594287517099,0.106015133243814,0.0106015133243814,0.0941987018074315,0.0318217164161658,0.00318217164161658,0.141685893138265,0.044512466212789,0.0044512466212789,205.31,49.1301497673436,4.91301497673436,205.31,49.1301497673436,4.91301497673436,100
"tvcglasso","pre",4,25,20,7,"low","BIC_pre",0.000716260999770773,0.00130919120744764,0.000154289663442672,0.00358993765545128,0.0101296002605533,0.0011937848391577,0.255,0.402595744306039,0.0805191488612077,0.00669468922563714,0.0186242909382116,0.0021948937362001,1.84722222222222,3.15630253562624,0.371973821069601,0.611111111111111,1.05557614673928,0.124400841903018,72
"tvcglasso","refit",4,25,20,7,"low","refit-BIC",0.0381476778872621,0.0880055667429101,0.00880055667429101,0.114538225459273,0.199907743567043,0.0199907743567043,0.232324871835965,0.302274345699051,0.0419179097182791,0.0679916301118883,0.10771215186533,0.010771215186533,88.2,193.687919347104,19.3687919347104,39.63,92.7748066420768,9.27748066420768,100
"CGLasso","pre",4,25,20,7,"low","per-slice independent BIC (-2*ell_k + d_k*log n_k) over the refit path; candidate iff Omega PD + BIC finite; convergence DISCLOSED not filtered",0.76738579442201,0.0149010798230314,0.00149010798230314,0.806163332524299,0.0491048899080125,0.00491048899080125,0.053726360985235,0.00852617534579905,0.000852617534579905,0.100585943807702,0.0150748293505276,0.00150748293505276,1615.51,30.6038536558039,3.06038536558039,NA,NA,NA,100
"CGLasso","refit",4,25,20,7,"low","per-slice independent BIC (-2*ell_k + d_k*log n_k) over the refit path; candidate iff Omega PD + BIC finite; convergence DISCLOSED not filtered",0.531234946056816,0.0247006861008455,0.00247006861008455,0.701008719876774,0.0569991304179431,0.00569991304179431,0.0665160392465102,0.0104222524500168,0.00104222524500168,0.121270420191181,0.017704993465172,0.0017704993465172,1133.57,49.422371534365,4.9422371534365,NA,NA,NA,100
"tvmgm","pre",4,25,20,7,"low","EBIC_penalised",0.0085735623933712,0.00737469032442308,0.000737469032442308,0.00551843537019844,0.0113088629454281,0.00113088629454281,0.0431656431137401,0.103310722858412,0.0103310722858412,0.00926373141112062,0.0190626710535702,0.00190626710535702,17.68,14.896871070019,1.4896871070019,NA,NA,NA,100
"tvmgm","refit",4,25,20,7,"low","refit-EBIC",0.0498473590409679,0.014108893390941,0.0014108893390941,0.0276371206104411,0.0290987984821277,0.00290987984821277,0.0344045147180721,0.0407458761673625,0.00407458761673625,0.0299112906158108,0.0328345139373117,0.00328345139373117,102.36,27.1224384351162,2.71224384351162,NA,NA,NA,100
"JGL","pre",4,25,20,7,"low","AIC_pre",0.996747543639431,0.0020550070022824,0.00020550070022824,0.995848250195715,0.00643168572240874,0.000643168572240874,0.0513304853663414,0.0083143491091236,0.00083143491091236,0.0975103295077722,0.0150560914839276,0.00150560914839276,2093.08,4.38012038024693,0.438012038024693,2093.08,4.38012038024693,0.438012038024693,100
"JGL","refit",4,25,20,7,"low","refit-AIC",0.967039126141296,0.00925801258892047,0.000925801258892047,0.961636256467476,0.0221252740770827,0.00221252740770827,0.0510896956691048,0.00820520831513149,0.000820520831513149,0.0969050625692724,0.0148263831128444,0.00148263831128444,2030.18,19.6999615443402,1.96999615443402,2030.18,19.6999615443402,1.96999615443402,100
"tvcglasso","pre",5,15,12,7,"high","BIC_pre",0.0163807368853111,0.0189625677404882,0.00189625677404882,0.2299612475537,0.193326794281142,0.0193326794281142,0.650907733059543,0.221541100900025,0.0240295062219457,0.279279115665171,0.189039233538828,0.0189039233538828,24.51,22.55789185293,2.255789185293,9,8.76056360900797,0.876056360900797,100
"tvcglasso","refit",5,15,12,7,"high","refit-BIC",0.0540053018373913,0.0308495049385508,0.00308495049385508,0.402627662331036,0.186163129995259,0.0186163129995259,0.430713304645052,0.151900771732626,0.0151900771732626,0.388071201170171,0.129291113188456,0.0129291113188456,60.59,26.9717753710553,2.69717753710553,23.99,11.4649179427654,1.14649179427654,100
"CGLasso","pre",5,15,12,7,"high","per-slice independent BIC (-2*ell_k + d_k*log n_k) over the refit path; candidate iff Omega PD + BIC finite; convergence DISCLOSED not filtered",0.919940891398555,0.0138390396946854,0.00138390396946854,0.921407009722812,0.0356474377619694,0.00356474377619694,0.0863001031681205,0.0180614167775187,0.00180614167775187,0.157283663454227,0.0301323557480978,0.00301323557480978,676.23,10.1243331243159,1.01243331243159,NA,NA,NA,100
"CGLasso","refit",5,15,12,7,"high","per-slice independent BIC (-2*ell_k + d_k*log n_k) over the refit path; candidate iff Omega PD + BIC finite; convergence DISCLOSED not filtered",0.799899743861871,0.0500479763642849,0.00500479763642849,0.850072070895025,0.064895404469309,0.0064895404469309,0.0910631043016542,0.0189830468149268,0.00189830468149268,0.163819502826803,0.0308615949470937,0.00308615949470937,591,35.7849920576442,3.57849920576442,NA,NA,NA,100
"tvmgm","pre",5,15,12,7,"high","EBIC_penalised",0.00798983067023889,0.00819042183521064,0.000819042183521064,0.0774057626180483,0.0702986181074081,0.00702986181074081,0.462564211785214,0.316413397705121,0.0316413397705121,0.125857097707628,0.105086651875121,0.0105086651875121,9.96,7.00637516332753,0.700637516332754,NA,NA,NA,100
"tvmgm","refit",5,15,12,7,"high","refit-EBIC",0.0295065385347031,0.013674534988929,0.0013674534988929,0.172625367815825,0.0970915794497471,0.00970915794497471,0.350547115750529,0.163317690558415,0.0163317690558415,0.225144655626872,0.115165426498158,0.0115165426498158,30.19,10.0811805866278,1.00811805866278,NA,NA,NA,100
"JGL","pre",5,15,12,7,"high","AIC_pre",0.991866439029598,0.00525162590607215,0.000525162590607215,0.993499372819863,0.0102510193568229,0.00102510193568229,0.0863283385101321,0.0178770470755187,0.00178770470755187,0.158356913388526,0.0301667319261985,0.00301667319261985,729.12,3.6577853872793,0.36577853872793,729.12,3.6577853872793,0.36577853872793,100
"JGL","refit",5,15,12,7,"high","refit-AIC",0.957005718425939,0.0129420560734788,0.00129420560734788,0.956394851258965,0.0289053387771017,0.00289053387771017,0.0861876568845235,0.0182366965107615,0.00182366965107615,0.157625560783813,0.0306982419892517,0.00306982419892517,703.39,9.35483994000059,0.935483994000059,703.39,9.35483994000059,0.935483994000059,100
"tvcglasso","pre",6,25,12,7,"high","BIC_pre",0.0211480679709634,0.0472249175663128,0.00472249175663129,0.177936461309183,0.144343412784105,0.0144343412784105,0.462162092079054,0.241859774842484,0.0246847099028548,0.207609067153294,0.122587834199436,0.0122587834199436,60.6,105.646159944937,10.5646159944937,24.11,47.3202916305468,4.73202916305468,100
"tvcglasso","refit",6,25,12,7,"high","refit-BIC",0.0445935397161889,0.0220514954015934,0.00220514954015934,0.307760995682058,0.134103911189745,0.0134103911189745,0.287102400806929,0.111206310695454,0.011349946557553,0.273827641264822,0.0966095226265184,0.00966095226265184,121.21,53.5762074058999,5.35762074058998,48.09,22.8937356347349,2.28937356347349,100
"CGLasso","pre",6,25,12,7,"high","per-slice independent BIC (-2*ell_k + d_k*log n_k) over the refit path; candidate iff Omega PD + BIC finite; convergence DISCLOSED not filtered",0.766939615688914,0.00833223066237663,0.000833223066237663,0.796892694711865,0.0460270342907097,0.00460270342907097,0.0532452478715079,0.0089206941565457,0.00089206941565457,0.0996699884454445,0.0158046064188717,0.00158046064188717,1613.77,17.4650328868105,1.74650328868105,NA,NA,NA,100
"CGLasso","refit",6,25,12,7,"high","per-slice independent BIC (-2*ell_k + d_k*log n_k) over the refit path; candidate iff Omega PD + BIC finite; convergence DISCLOSED not filtered",0.62812846452243,0.0148809084479103,0.00148809084479103,0.712351772209639,0.0541746572188426,0.00541746572188426,0.057693391875367,0.00914456716785961,0.000914456716785961,0.10655449345617,0.0158178921529253,0.00158178921529253,1327.89,29.6770138577848,2.96770138577848,NA,NA,NA,100
"tvmgm","pre",6,25,12,7,"high","EBIC_penalised",0.00412152268529477,0.00411126469297501,0.000411126469297501,0.0422325266907479,0.0438001846473349,0.00438001846473349,0.318654782480961,0.282252923126677,0.0282252923126677,0.0715141913182446,0.071873920779768,0.0071873920779768,12.62,10.4869134417784,1.04869134417784,NA,NA,NA,100
"tvmgm","refit",6,25,12,7,"high","refit-EBIC",0.0233452854259177,0.00933729514649713,0.000933729514649713,0.124917693259405,0.0704115890158761,0.00704115890158761,0.22818323150199,0.119534401958649,0.0119534401958649,0.158061665068492,0.0851745127569886,0.00851745127569886,59.64,19.9050879237577,1.99050879237577,NA,NA,NA,100
"JGL","pre",6,25,12,7,"high","AIC_pre",0.856743596876951,0.0156920539075891,0.00156920539075891,0.87266643254134,0.0366307557307221,0.00366307557307221,0.0522537192056845,0.00849958224265035,0.000849958224265035,0.098461647398033,0.0151713961370097,0.00151713961370097,1800.83,32.4280259757955,3.24280259757955,1800.83,32.4280259757955,3.24280259757955,100
"JGL","refit",6,25,12,7,"high","refit-AIC",0.731909588787792,0.0178365038016349,0.00178365038016349,0.760652756244297,0.0501617261655931,0.00501617261655931,0.0532184023915985,0.00881226963486525,0.000881226963486525,0.0993219020488665,0.0155430365207082,0.00155430365207082,1539.99,36.4332778840134,3.64332778840134,1539.99,36.4332778840134,3.64332778840134,100
"tvcglasso","pre",7,15,20,7,"high","BIC_pre",0.0439018007879148,0.0301383777613374,0.00301383777613374,0.569270669436534,0.243784841747492,0.0243784841747492,0.588139312801163,0.147245725402849,0.0147987522165137,0.527546667522209,0.139603561461976,0.0139603561461976,64.31,32.4101539769264,3.24101539769264,24.42,12.9538263135498,1.29538263135498,100
"tvcglasso","refit",7,15,20,7,"high","refit-BIC",0.0466801611402237,0.0271275874011565,0.00271275874011565,0.615006449748435,0.173580554341214,0.0173580554341214,0.577601669632728,0.155786029770491,0.0155786029770491,0.579322641551663,0.13123829117135,0.013123829117135,69.27,21.8229121555647,2.18229121555647,26.04,9.01056618810955,0.901056618810955,100
"CGLasso","pre",7,15,20,7,"high","per-slice independent BIC (-2*ell_k + d_k*log n_k) over the refit path; candidate iff Omega PD + BIC finite; convergence DISCLOSED not filtered",0.267025411161564,0.101011834422152,0.0101011834422152,0.42741203922943,0.128105389318976,0.0128105389318976,0.135402781224818,0.0374780328322102,0.00374780328322102,0.19853634521744,0.0441506333414229,0.00441506333414229,206.27,74.414462453358,7.4414462453358,NA,NA,NA,100
"CGLasso","refit",7,15,20,7,"high","per-slice independent BIC (-2*ell_k + d_k*log n_k) over the refit path; candidate iff Omega PD + BIC finite; convergence DISCLOSED not filtered",0.130617588249747,0.0275575051740778,0.00275575051740778,0.400786006872444,0.105850279377603,0.0105850279377603,0.224157439092808,0.0631985347801075,0.00631985347801075,0.283943782846945,0.0716785692833056,0.00716785692833056,112.71,20.1906544037712,2.01906544037712,NA,NA,NA,100
"tvmgm","pre",7,15,20,7,"high","EBIC_penalised",0.0105952205869497,0.0115476156508205,0.00115476156508205,0.172099164431235,0.111837750689689,0.0111837750689689,0.605230711672354,0.296599362261269,0.0296599362261269,0.25672020851664,0.151068589687131,0.0151068589687131,17.36,9.59431649941303,0.959431649941303,NA,NA,NA,100
"tvmgm","refit",7,15,20,7,"high","refit-EBIC",0.0259879385559102,0.0175161300807006,0.00175161300807006,0.286497194458759,0.132656873362063,0.0132656873362063,0.522631722188409,0.200704592236631,0.0200704592236631,0.359203467246908,0.151072116622396,0.0151072116622396,34.7,12.6463153894442,1.26463153894442,NA,NA,NA,100
"JGL","pre",7,15,20,7,"high","AIC_pre",0.710151562447904,0.390186871836594,0.0390186871836594,0.770035779461367,0.358091749694164,0.0358091749694164,0.104153348515562,0.0482838804902646,0.00482838804902646,0.156868506552225,0.0641598455724061,0.00641598455724061,525.35,284.369988578331,28.4369988578331,525.35,284.369988578331,28.4369988578331,100
"JGL","refit",7,15,20,7,"high","refit-AIC",0.293647356123568,0.0908999422554241,0.00908999422554241,0.544739449127194,0.133532250058101,0.0133532250058101,0.151814658737782,0.038782287288587,0.0038782287288587,0.234077351193159,0.0519673417964438,0.00519673417964438,231.16,66.7633722844187,6.67633722844186,231.16,66.7633722844187,6.67633722844186,100
"tvcglasso","pre",8,25,20,7,"high","BIC_pre",0.0208542353896664,0.0137025691544436,0.00137025691544436,0.422691292281309,0.174316098320454,0.0174316098320455,0.55525274142305,0.130729004842002,0.0130729004842002,0.446535107515681,0.10499948944273,0.010499948944273,85.87,41.4801047601027,4.14801047601027,31.95,16.2321385908427,1.62321385908427,100
"tvcglasso","refit",8,25,20,7,"high","refit-BIC",0.0405532285448043,0.015702250582503,0.0015702250582503,0.52919141938503,0.143309376923188,0.0143309376923188,0.423489312759353,0.0951412120053197,0.00951412120053197,0.458539306653604,0.0905976936820795,0.00905976936820795,136.54,39.2122996576896,3.92122996576896,52.09,16.2363198049337,1.62363198049337,100
"CGLasso","pre",8,25,20,7,"high","per-slice independent BIC (-2*ell_k + d_k*log n_k) over the refit path; candidate iff Omega PD + BIC finite; convergence DISCLOSED not filtered",0.777305681750985,0.115591027136687,0.0115591027136687,0.79155735054001,0.127600257610865,0.0127600257610865,0.0521934221877505,0.00870756407749674,0.000870756407749674,0.0975566250442555,0.0151723484591914,0.00151723484591914,1633.76,242.931553730634,24.2931553730634,NA,NA,NA,100
"CGLasso","refit",8,25,20,7,"high","per-slice independent BIC (-2*ell_k + d_k*log n_k) over the refit path; candidate iff Omega PD + BIC finite; convergence DISCLOSED not filtered",0.249891726011739,0.0787776172697907,0.00787776172697907,0.407109593094016,0.0971018169999434,0.00971018169999434,0.0854010402461045,0.0282978951100304,0.00282978951100304,0.137709603592085,0.0355773034104335,0.00355773034104335,541.39,162.787827145234,16.2787827145234,NA,NA,NA,100
"tvmgm","pre",8,25,20,7,"high","EBIC_penalised",0.00340465369622279,0.00370310294166916,0.000370310294166916,0.103905959086668,0.0720646743373417,0.00720646743373417,0.629533817876955,0.290537349097641,0.0290537349097641,0.172188036256372,0.11236271555903,0.011236271555903,17.7,9.82421251374132,0.982421251374132,NA,NA,NA,100
"tvmgm","refit",8,25,20,7,"high","refit-EBIC",0.0179769528132436,0.00910926436094806,0.000910926436094806,0.220589976961829,0.109965062658729,0.0109965062658729,0.407470214350674,0.185820086434289,0.0185820086434289,0.28091545787605,0.133291521508052,0.0133291521508052,59.07,17.8168317876522,1.78168317876522,NA,NA,NA,100
"JGL","pre",8,25,20,7,"high","AIC_pre",0.994455171609365,0.00276465720200087,0.000276465720200087,0.993026513382034,0.00819724755446374,0.000819724755446374,0.0513138939768082,0.00836344189369469,0.000836344189369469,0.09746797082181,0.0151518186166634,0.00151518186166634,2088.23,5.61897039348209,0.561897039348209,2088.23,5.61897039348209,0.561897039348209,100
"JGL","refit",8,25,20,7,"high","refit-AIC",0.963830115010399,0.00934820583066722,0.000934820583066722,0.964669376593182,0.0211462652667046,0.00211462652667046,0.0513854047869842,0.00816771265801484,0.000816771265801484,0.0974528147512863,0.0147413298269099,0.00147413298269098,2024.07,19.5552855238473,1.95552855238473,2024.07,19.5552855238473,1.95552855238473,100
"tvcglasso","pre",9,15,12,15,"low","BIC_pre",0.00154108831735886,0.00297197780755524,0.00044303629368762,0,0,0,0,0,0,0,0,0,2.22222222222222,4.31113193788575,0.642665604872196,0.555555555555556,1.07778298447144,0.160666401218049,45
"tvcglasso","refit",9,15,12,15,"low","refit-BIC",0.110548648954053,0.121704193519874,0.0121704193519874,0.220673382078426,0.229678231494207,0.0229678231494207,0.147664789699145,0.104441951848543,0.0123086020654107,0.134835205839539,0.131311382651338,0.0131311382651338,190.36,204.14213309616,20.414213309616,60.9,68.4475025553205,6.84475025553205,100
"CGLasso","pre",9,15,12,15,"low","per-slice independent BIC (-2*ell_k + d_k*log n_k) over the refit path; candidate iff Omega PD + BIC finite; convergence DISCLOSED not filtered",0.817620381568263,0.013548526815549,0.0013548526815549,0.815850871063508,0.0397024100436042,0.00397024100436042,0.0936657007298066,0.0198703792606817,0.00198703792606817,0.167382905696318,0.0320035988963466,0.00320035988963466,1287.48,21.3714054216603,2.13714054216603,NA,NA,NA,100
"CGLasso","refit",9,15,12,15,"low","per-slice independent BIC (-2*ell_k + d_k*log n_k) over the refit path; candidate iff Omega PD + BIC finite; convergence DISCLOSED not filtered",0.572609795001232,0.0269482507850732,0.00269482507850732,0.640787809404786,0.0525593990641312,0.00525593990641312,0.103497409805714,0.0209888532704322,0.00209888532704322,0.177353316939447,0.0312562058135467,0.00312562058135467,911.52,41.4440062803496,4.14440062803496,NA,NA,NA,100
"tvmgm","pre",9,15,12,15,"low","EBIC_penalised",0.0205013041370141,0.0175237666386292,0.00175237666386292,0.0101751182471454,0.0190140816698231,0.00190140816698231,0.0669491238337571,0.138329772289908,0.0138329772289908,0.0171171892963549,0.0321051681753695,0.00321051681753695,30.73,24.7732565970694,2.47732565970694,NA,NA,NA,100
"tvmgm","refit",9,15,12,15,"low","refit-EBIC",0.0775337853412437,0.0298344949008859,0.00298344949008859,0.038346172738478,0.0412989509735656,0.00412989509735656,0.0579198864502467,0.0746878723970551,0.00746878723970551,0.0445040513363167,0.0515126801060801,0.00515126801060801,116.15,41.2918596913202,4.12918596913202,NA,NA,NA,100
"tvcglasso","pre",10,25,12,15,"low","BIC_pre",0.000601098377376159,0.000639261690202662,0.000192744651750058,0.00404840088165175,0.00901798958991244,0.00271902616664277,0.20952380952381,0.389545930213668,0.147234522226098,0.00781549673954737,0.0173983783700765,0.00524580845583444,3.81818181818182,4.40041320373853,1.32677450175695,1,1.18321595661992,0.356753034006338,11
"tvcglasso","refit",10,25,12,15,"low","refit-BIC",0.112681117808032,0.0828035295423383,0.00828035295423383,0.277534443468069,0.14833780980095,0.014833780980095,0.151703988419267,0.136960916308579,0.0139785149858354,0.162318174307642,0.0737185838387211,0.00737185838387211,547.77,380.67380068144,38.067380068144,173.71,134.641183832579,13.4641183832579,100
"CGLasso","pre",10,25,12,15,"low","per-slice independent BIC (-2*ell_k + d_k*log n_k) over the refit path; candidate iff Omega PD + BIC finite; convergence DISCLOSED not filtered",0.685554565011705,0.0117161189871833,0.00117161189871833,0.691088575992475,0.0348982238937742,0.00348982238937742,0.0563136523440317,0.0091266073371098,0.00091266073371098,0.10395458687299,0.0157191425063934,0.00157191425063934,3086.24,53.4744572273303,5.34744572273303,NA,NA,NA,100
"CGLasso","refit",10,25,12,15,"low","per-slice independent BIC (-2*ell_k + d_k*log n_k) over the refit path; candidate iff Omega PD + BIC finite; convergence DISCLOSED not filtered",0.424033979587887,0.015308257508114,0.0015308257508114,0.497678091910453,0.0502454632164026,0.00502454632164026,0.0648653158170635,0.0111027693228852,0.00111027693228852,0.114495440040243,0.0180774903246893,0.00180774903246893,1926.43,69.8742383995646,6.98742383995646,NA,NA,NA,100
"tvmgm","pre",10,25,12,15,"low","EBIC_penalised",0.00943647330180373,0.00754275425301047,0.000754275425301047,0.00352958813128663,0.0096566294247476,0.000965662942474759,0.0304170407381312,0.088701689598158,0.0088701689598158,0.00600773245989274,0.0165630641433617,0.00165630641433617,40.99,32.2714168178954,3.22714168178954,NA,NA,NA,100
"tvmgm","refit",10,25,12,15,"low","refit-EBIC",0.0634658552546623,0.0156595672212204,0.00156595672212204,0.0263089974272989,0.0304525852712447,0.00304525852712447,0.0284449391474516,0.0427388883837346,0.00427388883837346,0.0266494380783461,0.0344092530227019,0.00344092530227019,276.22,63.85472463793,6.385472463793,NA,NA,NA,100
"tvcglasso","pre",11,15,20,15,"low","BIC_pre",0.000635710823172445,0.00158234536121337,0.000176911589577728,0.000264550264550265,0.00236620949999978,0.000264550264550265,0.0714285714285714,0.267261241912424,0.0714285714285714,0.000518134715025907,0.00463433777720164,0.000518134715025907,0.9625,2.29718457291209,0.256833043094763,0.25,0.605878376899966,0.0677392618422781,80
"tvcglasso","refit",11,15,20,15,"low","refit-BIC",0.0370308463323446,0.0855416140434165,0.00855416140434165,0.100385146562612,0.213852940686636,0.0213852940686636,0.171919970098765,0.238520802087177,0.0372506909506421,0.0620179264849234,0.124096660131473,0.0124096660131473,67.3,151.271012398011,15.1271012398011,21.71,49.9653000803679,4.99653000803679,100
"CGLasso","pre",11,15,20,15,"low","per-slice independent BIC (-2*ell_k + d_k*log n_k) over the refit path; candidate iff Omega PD + BIC finite; convergence DISCLOSED not filtered",0.861677912228169,0.0300290992685353,0.00300290992685353,0.876370597978674,0.0427720945796613,0.00427720945796613,0.0952288790372891,0.0197050324537319,0.00197050324537319,0.171145325544413,0.0319870083567609,0.00319870083567609,1359.19,47.1973494804507,4.71973494804507,NA,NA,NA,100
"CGLasso","refit",11,15,20,15,"low","per-slice independent BIC (-2*ell_k + d_k*log n_k) over the refit path; candidate iff Omega PD + BIC finite; convergence DISCLOSED not filtered",0.597654055401912,0.0492964731120342,0.00492964731120342,0.714732120802901,0.06681514153147,0.006681514153147,0.109741047325606,0.021035622298437,0.0021035622298437,0.189304820922579,0.03140995972955,0.003140995972955,957.96,76.9381123456582,7.69381123456582,NA,NA,NA,100
"tvmgm","pre",11,15,20,15,"low","EBIC_penalised",0.0278821765792869,0.0222859050424141,0.00222859050424141,0.0265301106686889,0.0344159312133378,0.00344159312133378,0.120323435908279,0.15250761363748,0.015250761363748,0.042026496431669,0.0540186121431212,0.00540186121431212,43.53,30.6931555559183,3.06931555559183,NA,NA,NA,100
"tvmgm","refit",11,15,20,15,"low","refit-EBIC",0.0917940088005695,0.0387049547646358,0.00387049547646358,0.0677486904331607,0.0635377828639518,0.00635377828639518,0.0914323419446863,0.100132344277958,0.0100132344277958,0.0754691244173872,0.0758015572434194,0.00758015572434194,140.56,50.2169676342951,5.02169676342951,NA,NA,NA,100
"tvcglasso","pre",12,25,20,15,"low","BIC_pre",0.000360809734137039,0.000763182577653992,0.000101086001845102,0.00031328320802005,0.00236523635190186,0.00031328320802005,0.0714285714285714,0.267261241912424,0.0714285714285714,0.000615574022776238,0.00464748195461419,0.000615574022776239,1.6140350877193,3.28282536177143,0.434820841426002,0.403508771929825,0.820706340442858,0.1087052103565,57
"tvcglasso","refit",12,25,20,15,"low","refit-BIC",0.0404130912606605,0.0538208000834253,0.00538208000834253,0.179134974484473,0.220436637246509,0.0220436637246509,0.191922012622888,0.157945348174597,0.0211063349537166,0.12152107570413,0.146169363606351,0.0146169363606351,216.88,279.951809705841,27.9951809705841,65.59,86.6293736779759,8.66293736779759,100
"CGLasso","pre",12,25,20,15,"low","per-slice independent BIC (-2*ell_k + d_k*log n_k) over the refit path; candidate iff Omega PD + BIC finite; convergence DISCLOSED not filtered",0.772031255192503,0.0105014661983415,0.00105014661983415,0.799675671032563,0.0358694788189802,0.00358694788189802,0.0577409345575599,0.00901536454015583,0.000901536454015583,0.107525427801727,0.0157257483119307,0.00157257483119307,3480.79,47.4139933740744,4.74139933740744,NA,NA,NA,100
"CGLasso","refit",12,25,20,15,"low","per-slice independent BIC (-2*ell_k + d_k*log n_k) over the refit path; candidate iff Omega PD + BIC finite; convergence DISCLOSED not filtered",0.531532425811284,0.0165954992076439,0.00165954992076439,0.666887862902593,0.0439262619285909,0.00439262619285908,0.068936604908867,0.00994542509236111,0.000994542509236111,0.124721463923975,0.016573483875773,0.0016573483875773,2425.23,72.9132395731427,7.29132395731427,NA,NA,NA,100
"tvmgm","pre",12,25,20,15,"low","EBIC_penalised",0.0113996148676226,0.00713061699928589,0.000713061699928589,0.00841872199058732,0.0154614959772471,0.00154614959772471,0.0550468630162173,0.0976853966195886,0.00976853966195886,0.0143658763027852,0.0262754797318236,0.00262754797318236,50.52,29.5445152919858,2.95445152919858,NA,NA,NA,100
"tvmgm","refit",12,25,20,15,"low","refit-EBIC",0.0732611926910614,0.022057825769774,0.0022057825769774,0.0399153345560753,0.0469849479428781,0.00469849479428781,0.0420899099166437,0.0579056569299856,0.00579056569299856,0.0396961975449661,0.0499254557904239,0.00499254557904239,321.09,85.7906890241145,8.57906890241145,NA,NA,NA,100
"tvcglasso","pre",13,15,12,15,"high","BIC_pre",0.0082442093347244,0.0136183168409277,0.00136183168409277,0.154443035895412,0.180836415395193,0.0180836415395193,0.734385932789918,0.227333784762107,0.0264270156852905,0.20536714758439,0.193121492936588,0.0193121492936588,32.9,41.8357780282897,4.18357780282897,8.78,11.3498809676489,1.13498809676489,100
"tvcglasso","refit",13,15,12,15,"high","refit-BIC",0.0455719720775272,0.0234214503755927,0.00234214503755927,0.401239620300474,0.165732362299635,0.0165732362299635,0.498970225486627,0.150479572670173,0.0150479572670173,0.418015974969454,0.116442923387748,0.0116442923387748,122.1,48.2645278280503,4.82645278280503,34.19,14.524583827206,1.4524583827206,100
"CGLasso","pre",13,15,12,15,"high","per-slice independent BIC (-2*ell_k + d_k*log n_k) over the refit path; candidate iff Omega PD + BIC finite; convergence DISCLOSED not filtered",0.923478803743319,0.00740962571321063,0.000740962571321063,0.923401954104378,0.0231498417587206,0.00231498417587206,0.0937665872165442,0.0190570488402574,0.00190570488402574,0.169645683039103,0.0312748611599997,0.00312748611599997,1454.3,11.0796017869586,1.10796017869586,NA,NA,NA,100
"CGLasso","refit",13,15,12,15,"high","per-slice independent BIC (-2*ell_k + d_k*log n_k) over the refit path; candidate iff Omega PD + BIC finite; convergence DISCLOSED not filtered",0.815843930761143,0.0302774678651164,0.00302774678651164,0.852376523294381,0.0428799359593801,0.00428799359593801,0.0974322734735812,0.0192676890354483,0.00192676890354483,0.174209031349294,0.0309533720158654,0.00309533720158654,1289.95,45.7762178561327,4.57762178561327,NA,NA,NA,100
"tvmgm","pre",13,15,12,15,"high","EBIC_penalised",0.00761335294551726,0.00848238516760189,0.000848238516760189,0.185739260209898,0.116059920412797,0.0116059920412797,0.686467424231126,0.246186257687668,0.0246186257687668,0.281035095565341,0.157937904750798,0.0157937904750798,36.75,19.5025898306099,1.95025898306099,NA,NA,NA,100
"tvmgm","refit",13,15,12,15,"high","refit-EBIC",0.0212033964749298,0.0116311054368223,0.00116311054368223,0.308135365920971,0.137436846567945,0.0137436846567945,0.586730150782602,0.188636141700539,0.0188636141700539,0.397660701659633,0.15559302056501,0.015559302056501,73.83,18.4637537359065,1.84637537359065,NA,NA,NA,100
"tvcglasso","pre",14,25,12,15,"high","BIC_pre",0.00338237511500412,0.00372983689451115,0.000372983689451115,0.0929547891022086,0.0842517142799287,0.00842517142799287,0.625715106129417,0.262373327989875,0.0270617424940384,0.148104133526894,0.118226954320309,0.0118226954320309,37.11,33.4905067206222,3.34905067206222,9.8,8.85688683705761,0.885688683705761,100
"tvcglasso","refit",14,25,12,15,"high","refit-BIC",0.0291947047228792,0.0175030472096173,0.00175030472096173,0.287787951518976,0.131119552750962,0.0131119552750962,0.401118033530446,0.127437512109514,0.0128079518752616,0.306171929700761,0.104118869030675,0.0104118869030675,195.94,100.575899275878,10.0575899275878,53.3,28.4027669729055,2.84027669729055,100
"CGLasso","pre",14,25,12,15,"high","per-slice independent BIC (-2*ell_k + d_k*log n_k) over the refit path; candidate iff Omega PD + BIC finite; convergence DISCLOSED not filtered",0.767976745274691,0.0061673955360381,0.00061673955360381,0.79118276334681,0.0335549320070387,0.00335549320070387,0.0574386170825069,0.00903045962142493,0.000903045962142493,0.106927091020423,0.0157333954629232,0.00157333954629232,3461.39,26.676473575498,2.6676473575498,NA,NA,NA,100
"CGLasso","refit",14,25,12,15,"high","per-slice independent BIC (-2*ell_k + d_k*log n_k) over the refit path; candidate iff Omega PD + BIC finite; convergence DISCLOSED not filtered",0.629762146070739,0.0123645017274332,0.00123645017274332,0.701298518292398,0.0392223905066605,0.00392223905066605,0.0616995197823696,0.00918342540554956,0.000918342540554956,0.113220040270982,0.0156008029953535,0.00156008029953535,2851.32,55.1026370154878,5.51026370154878,NA,NA,NA,100
"tvmgm","pre",14,25,12,15,"high","EBIC_penalised",0.00274008378201468,0.0022151933147151,0.00022151933147151,0.130163234296568,0.078213266721064,0.0078213266721064,0.682832620323229,0.244227498414379,0.0244227498414379,0.213347588325926,0.116597764400057,0.0116597764400057,43.15,20.2351704023495,2.02351704023495,NA,NA,NA,100
"tvmgm","refit",14,25,12,15,"high","refit-EBIC",0.0151075107921166,0.00639903380317912,0.000639903380317912,0.257596305793792,0.0995360910265725,0.00995360910265725,0.498425556827449,0.151855351278866,0.0151855351278866,0.33565250444271,0.11629937798059,0.011629937798059,127.26,28.5163855077084,2.85163855077084,NA,NA,NA,100
"tvcglasso","pre",15,15,20,15,"high","BIC_pre",0.0468881454461004,0.0294241101361195,0.00294241101361195,0.590467504795668,0.24470667995433,0.024470667995433,0.595055566796434,0.129407894988103,0.0129407894988103,0.542590110159,0.130290300387122,0.0130290300387122,150.46,69.0637854786897,6.90637854786897,42.47,20.1647031350638,2.01647031350638,100
"tvcglasso","refit",15,15,20,15,"high","refit-BIC",0.0434753938297495,0.0197142082600283,0.00197142082600283,0.6317875637551,0.159014620640095,0.0159014620640095,0.60867744860719,0.107188658325769,0.0107188658325769,0.606857071019948,0.10535524530835,0.010535524530835,152.47,39.8135693329586,3.98135693329586,42.48,11.6093657767069,1.16093657767069,100
"CGLasso","pre",15,15,20,15,"high","per-slice independent BIC (-2*ell_k + d_k*log n_k) over the refit path; candidate iff Omega PD + BIC finite; convergence DISCLOSED not filtered",0.250945531383102,0.0730014870146115,0.00730014870146115,0.378636414741242,0.0948881479804183,0.00948881479804183,0.136415604617315,0.0322253563941209,0.00322253563941209,0.195960081747962,0.0369176025764577,0.00369176025764577,413.68,115.461032824976,11.5461032824976,NA,NA,NA,100
"CGLasso","refit",15,15,20,15,"high","per-slice independent BIC (-2*ell_k + d_k*log n_k) over the refit path; candidate iff Omega PD + BIC finite; convergence DISCLOSED not filtered",0.123852776760129,0.0186102472835848,0.00186102472835848,0.353602973403171,0.0784349620262161,0.00784349620262161,0.22560706791109,0.0488875098227456,0.00488875098227456,0.271829608351644,0.0489359062309386,0.00489359062309386,227.82,28.1182136593692,2.81182136593692,NA,NA,NA,100
"tvmgm","pre",15,15,20,15,"high","EBIC_penalised",0.00791197314209763,0.00602016100694313,0.000602016100694313,0.345719682475771,0.157248312473095,0.0157248312473095,0.803283359359451,0.146078038527291,0.0146078038527291,0.469055092865396,0.165280442874483,0.0165280442874483,60,19.2043766055574,1.92043766055574,NA,NA,NA,100
"tvmgm","refit",15,15,20,15,"high","refit-EBIC",0.0159557969452467,0.0103830981909528,0.00103830981909528,0.458125277732633,0.148507888432817,0.0148507888432817,0.744899663786039,0.137485960092164,0.0137485960092164,0.558568813646652,0.138152092723075,0.0138152092723075,88.1,18.2521619032216,1.82521619032216,NA,NA,NA,100
"tvcglasso","pre",16,25,20,15,"high","BIC_pre",0.019572236701362,0.0138825576335651,0.00138825576335651,0.43114594972853,0.197021793699375,0.0197021793699375,0.598681008467888,0.124304331989884,0.0124930554250369,0.459320337826852,0.133275119213925,0.0133275119213925,187.91,98.1496584535344,9.81496584535344,51.77,27.6686216906919,2.76686216906919,100
"tvcglasso","refit",16,25,20,15,"high","refit-BIC",0.0316467137471168,0.013229248459481,0.0013229248459481,0.536398388311659,0.131139044898893,0.0131139044898893,0.512092394913916,0.0911486078952082,0.00911486078952082,0.512057775982661,0.0816711127920441,0.00816711127920441,266.64,75.0029655979339,7.50029655979339,73.81,21.3436031152051,2.13436031152051,100
"CGLasso","pre",16,25,20,15,"high","per-slice independent BIC (-2*ell_k + d_k*log n_k) over the refit path; candidate iff Omega PD + BIC finite; convergence DISCLOSED not filtered",0.757930362738616,0.0836641247906932,0.00836641247906932,0.768852874223338,0.0937820643163073,0.00937820643163073,0.0566391231379518,0.009251089522186,0.0009251089522186,0.105122672579133,0.015703544305334,0.0015703544305334,3413.34,377.767343825014,37.7767343825014,NA,NA,NA,100
"CGLasso","refit",16,25,20,15,"high","per-slice independent BIC (-2*ell_k + d_k*log n_k) over the refit path; candidate iff Omega PD + BIC finite; convergence DISCLOSED not filtered",0.245302865416367,0.0691623970109181,0.0069162397010918,0.398123688537498,0.0742699623428062,0.00742699623428062,0.0909762154030978,0.0235249520654549,0.00235249520654549,0.145397720776681,0.0292826019845542,0.00292826019845542,1141.82,305.186062803158,30.5186062803158,NA,NA,NA,100
"tvmgm","pre",16,25,20,15,"high","EBIC_penalised",0.00308492524734853,0.00273060112088869,0.000273060112088869,0.249415689374933,0.0956757783630973,0.00956757783630973,0.817939321210461,0.159388045010326,0.0159388045010326,0.374822576538276,0.119599744967858,0.0119599744967859,74.34,22.8628851012184,2.28628851012184,NA,NA,NA,100
"tvmgm","refit",16,25,20,15,"high","refit-EBIC",0.0114002091234549,0.00459791517629155,0.000459791517629155,0.392037186579706,0.0998601911702113,0.00998601911702113,0.667302030684334,0.118693000387296,0.0118693000387296,0.489216649968172,0.103496373440205,0.0103496373440205,145.1,21.9206558185459,2.19206558185459,NA,NA,NA,100
